"","Overall","List_Number"
"Hour...1",100,1
"Day...2",42.6133616734627,1
"PPG_spike_prev...3",5.52663362145754,1
"day...4",1.81380952300743,1
"weekday_num...5",0.921847997025158,1
"month...6",0,1
"PPG_spike_prev_missing...7",0,1
"PPG_spike_prev...8",100,2
"Hour...9",88.8054096692011,2
"Day...10",0,2
"day...11",0,2
"month...12",0,2
"weekday_num...13",0,2
"PPG_spike_prev_missing...14",0,2
"Hour...15",100,3
"Day...16",24.7404327231134,3
"day...17",17.457858574691,3
"weekday_num...18",1.6991117735733,3
"month...19",0,3
"PPG_spike_prev...20",0,3
"PPG_spike_prev_missing...21",0,3
"PPG_spike_prev...22",100,4
"Day...23",26.6666770208472,4
"day...24",17.1428608797043,4
"weekday_num...25",9.52381205396642,4
"Hour...26",1.08843580198251,4
"month...27",0,4
"PPG_spike_prev_missing...28",0,4
"Day...29",100,5
"day...30",55,5
"Hour...31",35,5
"month...32",0,5
"weekday_num...33",0,5
"PPG_spike_prev...34",0,5
"PPG_spike_prev_missing...35",0,5
"Hour...36",100,6
"day...37",58.3067827583048,6
"Day...38",46.755702773028,6
"weekday_num...39",34.7197337140937,6
"PPG_spike_prev...40",21.468122683341,6
"month...41",2.99620895437387,6
"PPG_spike_prev_missing...42",0,6
"Hour...43",100,7
"weekday_num...44",28.9172162851029,7
"Day...45",17.8282062502243,7
"day...46",4.1209936791822,7
"month...47",0,7
"PPG_spike_prev...48",0,7
"PPG_spike_prev_missing...49",0,7
"Hour...50",100,8
"Day...51",0,8
"day...52",0,8
"month...53",0,8
"weekday_num...54",0,8
"PPG_spike_prev...55",0,8
"PPG_spike_prev_missing...56",0,8
"Hour...57",100,9
"PPG_spike_prev...58",11.4929265718404,9
"weekday_num...59",5.08355292568466,9
"Day...60",1.07490825007738,9
"day...61",0.725636484127053,9
"month...62",0,9
"PPG_spike_prev_missing...63",0,9
"Hour...64",100,10
"Day...65",57.270222019907,10
"day...66",22.0879914871013,10
"PPG_spike_prev...67",16.2740595246689,10
"weekday_num...68",5.42898992909717,10
"month...69",0,10
"PPG_spike_prev_missing...70",0,10
"Hour...71",100,11
"Day...72",32.3422018230799,11
"PPG_spike_prev...73",20.5579953518051,11
"weekday_num...74",13.7437976303815,11
"day...75",11.7750766830858,11
"month...76",0,11
"PPG_spike_prev_missing...77",0,11
"Hour...78",100,12
"Day...79",17.9368277400203,12
"PPG_spike_prev...80",0.744935985830406,12
"day...81",0,12
"month...82",0,12
"weekday_num...83",0,12
"PPG_spike_prev_missing...84",0,12
"Day...85",100,13
"day...86",0,13
"month...87",0,13
"Hour...88",0,13
"weekday_num...89",0,13
"PPG_spike_prev...90",0,13
"PPG_spike_prev_missing...91",0,13
"Day...92",100,14
"day...93",55.0000054073339,14
"month...94",0,14
"Hour...95",0,14
"weekday_num...96",0,14
"PPG_spike_prev...97",0,14
"PPG_spike_prev_missing...98",0,14
"Hour...99",100,15
"PPG_spike_prev...100",24.0690529737964,15
"Day...101",0,15
"day...102",0,15
"month...103",0,15
"weekday_num...104",0,15
"PPG_spike_prev_missing...105",0,15
"Hour...106",100,16
"Day...107",0,16
"day...108",0,16
"month...109",0,16
"weekday_num...110",0,16
"PPG_spike_prev...111",0,16
"PPG_spike_prev_missing...112",0,16
"PPG_spike_prev...113",100,17
"Day...114",87.0301553014111,17
"Hour...115",47.6752460512929,17
"weekday_num...116",40.9870765704524,17
"day...117",0,17
"month...118",0,17
"PPG_spike_prev_missing...119",0,17
"Hour...120",100,18
"Day...121",38.7163488873154,18
"day...122",20.4968925473648,18
"weekday_num...123",2.39574104795349,18
"month...124",0,18
"PPG_spike_prev...125",0,18
"PPG_spike_prev_missing...126",0,18
"weekday_num...127",100,19
"Day...128",43.6545154997372,19
"day...129",24.5556624977654,19
"PPG_spike_prev...130",1.59206492141513,19
"Hour...131",1.55849168498183,19
"month...132",0,19
"PPG_spike_prev_missing...133",0,19
"Hour...134",100,20
"weekday_num...135",88.7637402689045,20
"PPG_spike_prev...136",14.8923724194695,20
"Day...137",10.1589151618689,20
"day...138",0,20
"month...139",0,20
"PPG_spike_prev_missing...140",0,20
"Hour...141",100,21
"Day...142",30.3387989021595,21
"weekday_num...143",30.1855017537402,21
"day...144",0,21
"month...145",0,21
"PPG_spike_prev...146",0,21
"PPG_spike_prev_missing...147",0,21
"PPG_spike_prev...148",100,22
"Hour...149",48.5403727108825,22
"Day...150",29.6222597207583,22
"day...151",9.25572186629439,22
"month...152",0,22
"weekday_num...153",0,22
"PPG_spike_prev_missing...154",0,22
"Hour...155",100,23
"Day...156",39.4936273506256,23
"day...157",27.8778524735304,23
"weekday_num...158",4.63144108646608,23
"month...159",0,23
"PPG_spike_prev...160",0,23
"PPG_spike_prev_missing...161",0,23
"Hour...162",100,24
"PPG_spike_prev...163",55.384912508493,24
"weekday_num...164",25.6984781076312,24
"Day...165",22.5813495189041,24
"day...166",11.8813597820708,24
"month...167",0,24
"PPG_spike_prev_missing...168",0,24
"Hour...169",100,25
"weekday_num...170",38.8460678199667,25
"Day...171",0,25
"day...172",0,25
"month...173",0,25
"PPG_spike_prev...174",0,25
"PPG_spike_prev_missing...175",0,25
"Hour...176",100,26
"Day...177",0,26
"day...178",0,26
"month...179",0,26
"weekday_num...180",0,26
"PPG_spike_prev...181",0,26
"PPG_spike_prev_missing...182",0,26
"PPG_spike_prev...183",100,27
"Day...184",0,27
"day...185",0,27
"month...186",0,27
"Hour...187",0,27
"weekday_num...188",0,27
"PPG_spike_prev_missing...189",0,27
"Hour...190",100,28
"Day...191",39.462593196955,28
"weekday_num...192",6.74310672128073,28
"day...193",1.73845641579423,28
"month...194",0,28
"PPG_spike_prev...195",0,28
"PPG_spike_prev_missing...196",0,28
"day...197",100,29
"Day...198",85.7430176184223,29
"Hour...199",20.881776476917,29
"weekday_num...200",8.08042393806655,29
"month...201",0,29
"PPG_spike_prev...202",0,29
"PPG_spike_prev_missing...203",0,29
"Day...204",NA,30
"day...205",NA,30
"month...206",NA,30
"Hour...207",NA,30
"weekday_num...208",NA,30
"PPG_spike_prev...209",NA,30
"PPG_spike_prev_missing...210",NA,30
"weekday_num...211",100,31
"day...212",63.4657668819601,31
"Hour...213",27.6270463259606,31
"PPG_spike_prev...214",24.1736655352155,31
"Day...215",1.24386789513427,31
"month...216",0,31
"PPG_spike_prev_missing...217",0,31
"Hour...218",100,32
"Day...219",0,32
"day...220",0,32
"month...221",0,32
"weekday_num...222",0,32
"PPG_spike_prev...223",0,32
"PPG_spike_prev_missing...224",0,32
"Day...225",100,33
"Hour...226",19.7613305603012,33
"day...227",0,33
"month...228",0,33
"weekday_num...229",0,33
"PPG_spike_prev...230",0,33
"PPG_spike_prev_missing...231",0,33
"Day...232",100,34
"Hour...233",85.468967643393,34
"day...234",67.1723946023644,34
"weekday_num...235",39.7360306344876,34
"PPG_spike_prev...236",0.0296941960563049,34
"month...237",0,34
"PPG_spike_prev_missing...238",0,34
"PPG_spike_prev...239",100,35
"Hour...240",46.4407960417836,35
"Day...241",8.61283495215788,35
"day...242",6.4596263585023,35
"weekday_num...243",2.15320888242337,35
"month...244",0,35
"PPG_spike_prev_missing...245",0,35
"Day...246",NA,36
"day...247",NA,36
"month...248",NA,36
"Hour...249",NA,36
"weekday_num...250",NA,36
"PPG_spike_prev...251",NA,36
"PPG_spike_prev_missing...252",NA,36
"Hour...253",100,37
"Day...254",0,37
"day...255",0,37
"month...256",0,37
"weekday_num...257",0,37
"PPG_spike_prev...258",0,37
"PPG_spike_prev_missing...259",0,37
"weekday_num...260",100,38
"Day...261",64.1427157677245,38
"day...262",40.0076882847907,38
"Hour...263",30.2051571330487,38
"PPG_spike_prev...264",5.38971229180509,38
"month...265",0,38
"PPG_spike_prev_missing...266",0,38
"weekday_num...267",100,39
"Hour...268",86.3621609316309,39
"Day...269",40.8704897185404,39
"day...270",9.43165081305759,39
"month...271",0,39
"PPG_spike_prev...272",0,39
"PPG_spike_prev_missing...273",0,39
"Hour...274",100,40
"Day...275",49.4468091331266,40
"day...276",22.2965991475061,40
"PPG_spike_prev...277",21.9020644240284,40
"month...278",0,40
"weekday_num...279",0,40
"PPG_spike_prev_missing...280",0,40
"Hour...281",100,41
"day...282",0.915358164142321,41
"Day...283",0,41
"month...284",0,41
"weekday_num...285",0,41
"PPG_spike_prev...286",0,41
"PPG_spike_prev_missing...287",0,41
"Hour...288",100,42
"PPG_spike_prev...289",17.2467976642535,42
"Day...290",2.87704392185123,42
"weekday_num...291",2.75681603102838,42
"day...292",0.659478228467003,42
"month...293",0,42
"PPG_spike_prev_missing...294",0,42
"PPG_spike_prev...295",100,43
"day...296",17.6863671376059,43
"Hour...297",13.3532889369903,43
"weekday_num...298",0.220630816660329,43
"Day...299",0.0860204917683135,43
"month...300",0,43
"PPG_spike_prev_missing...301",0,43
"Hour...302",100,44
"weekday_num...303",41.4178678024171,44
"Day...304",22.8022055702696,44
"day...305",6.51022987617086,44
"month...306",0,44
"PPG_spike_prev...307",0,44
"PPG_spike_prev_missing...308",0,44
"Hour...309",100,45
"Day...310",10.4496194262471,45
"day...311",3.93345871982182,45
"weekday_num...312",2.17456598228217,45
"PPG_spike_prev...313",0.668839003848264,45
"month...314",0,45
"PPG_spike_prev_missing...315",0,45
"Hour...316",100,46
"weekday_num...317",57.1428609489038,46
"Day...318",29.9924389078138,46
"day...319",20.9947072354697,46
"month...320",0,46
"PPG_spike_prev...321",0,46
"PPG_spike_prev_missing...322",0,46
"weekday_num...323",100,47
"Day...324",0,47
"day...325",0,47
"month...326",0,47
"Hour...327",0,47
"PPG_spike_prev...328",0,47
"PPG_spike_prev_missing...329",0,47
"Hour...330",100,48
"weekday_num...331",21.4885437339958,48
"Day...332",11.4255212465859,48
"day...333",4.49094230662918,48
"PPG_spike_prev...334",1.51500992355917,48
"month...335",0,48
"PPG_spike_prev_missing...336",0,48
"Day...337",100,49
"Hour...338",74.8185166245195,49
"day...339",21.990839864928,49
"weekday_num...340",1.03801752323949,49
"month...341",0,49
"PPG_spike_prev...342",0,49
"PPG_spike_prev_missing...343",0,49
"Hour...344",100,50
"weekday_num...345",55.034206054449,50
"Day...346",14.9947457005939,50
"PPG_spike_prev...347",6.81497851490155,50
"day...348",4.08929333751471,50
"month...349",0,50
"PPG_spike_prev_missing...350",0,50
"weekday_num...351",100,51
"Hour...352",45.0126234508363,51
"Day...353",0,51
"day...354",0,51
"month...355",0,51
"PPG_spike_prev...356",0,51
"PPG_spike_prev_missing...357",0,51
"Hour...358",100,52
"PPG_spike_prev...359",10.2213849945346,52
"Day...360",0,52
"day...361",0,52
"month...362",0,52
"weekday_num...363",0,52
"PPG_spike_prev_missing...364",0,52
"Day...365",100,53
"Hour...366",77.8923221962815,53
"weekday_num...367",67.2106076988538,53
"day...368",60.7459907982959,53
"PPG_spike_prev...369",29.6414501721696,53
"month...370",0,53
"PPG_spike_prev_missing...371",0,53
"PPG_spike_prev...372",100,54
"weekday_num...373",82.274982331193,54
"Day...374",7.71143408939127,54
"day...375",2.31342999881316,54
"month...376",0,54
"Hour...377",0,54
"PPG_spike_prev_missing...378",0,54
"weekday_num...379",100,55
"Day...380",0,55
"day...381",0,55
"month...382",0,55
"Hour...383",0,55
"PPG_spike_prev...384",0,55
"PPG_spike_prev_missing...385",0,55
"Day...386",100,56
"Hour...387",93.585930011814,56
"weekday_num...388",48.1535648650229,56
"PPG_spike_prev...389",19.7173599460295,56
"day...390",0,56
"month...391",0,56
"PPG_spike_prev_missing...392",0,56
"Day...393",100,57
"day...394",47.3099146126316,57
"Hour...395",35.7872051499491,57
"weekday_num...396",5.6464427396536,57
"PPG_spike_prev...397",0.203715988845233,57
"month...398",0,57
"PPG_spike_prev_missing...399",0,57
"Hour...400",100,58
"PPG_spike_prev...401",12.0531900392615,58
"Day...402",4.12520026007419,58
"day...403",2.25036715625539,58
"weekday_num...404",0.417655296071908,58
"month...405",0,58
"PPG_spike_prev_missing...406",0,58
"Hour...407",100,59
"weekday_num...408",19.2357869382519,59
"Day...409",0,59
"day...410",0,59
"month...411",0,59
"PPG_spike_prev...412",0,59
"PPG_spike_prev_missing...413",0,59
"Hour...414",100,60
"Day...415",16.3241625086907,60
"PPG_spike_prev...416",9.78105685747568,60
"day...417",6.84600895697857,60
"weekday_num...418",1.99316358437993,60
"month...419",0.235880463722395,60
"PPG_spike_prev_missing...420",0,60
"Hour...421",100,61
"Day...422",0,61
"day...423",0,61
"month...424",0,61
"weekday_num...425",0,61
"PPG_spike_prev...426",0,61
"PPG_spike_prev_missing...427",0,61
"weekday_num...428",100,62
"Day...429",56.5371098702405,62
"day...430",22.6320967960494,62
"PPG_spike_prev...431",3.81388169366948,62
"month...432",0,62
"Hour...433",0,62
"PPG_spike_prev_missing...434",0,62
"weekday_num...435",100,63
"day...436",38.0531185100919,63
"Day...437",36.1241719609514,63
"Hour...438",21.0886817892352,63
"PPG_spike_prev...439",0.478100861778894,63
"month...440",0,63
"PPG_spike_prev_missing...441",0,63
"PPG_spike_prev...442",100,64
"Hour...443",89.1752238665188,64
"day...444",28.1877649027332,64
"weekday_num...445",15.445228316167,64
"Day...446",12.9208270194124,64
"month...447",0,64
"PPG_spike_prev_missing...448",0,64
"PPG_spike_prev...449",100,65
"Hour...450",32.1447003115278,65
"day...451",19.7033354427614,65
"Day...452",9.79936216470676,65
"weekday_num...453",1.13721154625377,65
"month...454",0,65
"PPG_spike_prev_missing...455",0,65
"Day...456",100,66
"day...457",60.887482310047,66
"weekday_num...458",31.8064148325785,66
"Hour...459",6.21809159466551,66
"month...460",0,66
"PPG_spike_prev...461",0,66
"PPG_spike_prev_missing...462",0,66
"Day...463",NA,67
"day...464",NA,67
"month...465",NA,67
"Hour...466",NA,67
"weekday_num...467",NA,67
"PPG_spike_prev...468",NA,67
"PPG_spike_prev_missing...469",NA,67
"Hour...470",100,68
"Day...471",14.0680592065077,68
"day...472",4.97235181953202,68
"weekday_num...473",2.55961911468332,68
"month...474",0,68
"PPG_spike_prev...475",0,68
"PPG_spike_prev_missing...476",0,68
"Hour...477",100,69
"PPG_spike_prev...478",55.9802618367797,69
"day...479",18.1382473233403,69
"Day...480",12.0908634338177,69
"month...481",0,69
"weekday_num...482",0,69
"PPG_spike_prev_missing...483",0,69
"Day...484",100,70
"day...485",62.1861384049247,70
"Hour...486",61.3444438202155,70
"PPG_spike_prev...487",12.0027397875257,70
"weekday_num...488",3.06681506389815,70
"month...489",0,70
"PPG_spike_prev_missing...490",0,70
"Hour...491",100,71
"Day...492",0,71
"day...493",0,71
"month...494",0,71
"weekday_num...495",0,71
"PPG_spike_prev...496",0,71
"PPG_spike_prev_missing...497",0,71
